-0.005037127166315325,-0.0022336309466211013,0.0006033983542279575
-0.00482778309729559,0.0018969188580376661,-0.000748060357376179
-0.004804368403216741,0.0018841985903316205,-0.00027520204717390584
-0.004912639244008532,0.000991113672666577,0.0005265642898203415
-0.00490677271394524,-0.0009489138622397197,-0.0006665517834962831
0.019964008398482003,0.0007095700001360505,-3626966030467749e-20
-0.004923764962556421,-0.0017201700139958254,0.0003944716774074708
-0.003437249824239208,-0.0029858572290792917,-0.0015511392171474458
-0.004961086847945495,-0.002486034746163601,-0.0009281808791422597
0.0027920234543747924,0.0002707596394049272,0.0002551297694732835
0.01810920343795064,0.0012663796138263628,-0.0006321923547832897
0.005474662575431055,-0.0033343881923549867,-0.00036946372319823784
0.021189899925270317,0.0006787161745384074,-0.0009101862272939965
0.020677954486461814,-0.00207946327724029,0.0003962032697291118
0.007100684261251544,0.0028496031480390593,-0.0008092120306915085
-0.0028353618725408536,0.0013706715545299675,-0.0006951008814475301
-0.004970293678699056,0.001398957249907462,0.0014169476902416989
-0.0008419241174104641,0.0018758223614212532,0.0016645065478605447
-0.0048208891546502874,-0.0012391360226653436,-0.001627517481144647
-0.005037719538103169,0.008656082404893684,0.00026262623160033804
0.014228477942729634,0.007815546134736673,-0.0005083110287545933
0.019162424430768654,-0.0029157331440753387,0.0012584637041685998
0.018551020467772683,-0.0018668935233285833,-0.00021579483683897838
0.01018001219710063,-0.0016316369147144627,0.0004963710185537096
0.01206552116856896,-0.0018781116082065008,-0.001151722160946056
-0.004898783150322439,-0.002510811690580317,-0.00088721259696245
0.01919504982173781,-0.0020663379801794113,-0.001395618934981968
0.01873439789938003,-0.0004089187084957979,-0.0009978085489225075
-0.00497607588662885,0.0007444586021418953,-0.00011086705985996481
-0.0048465246915246896,-0.0003208207063617463,0.0016368172591165742
-0.0025987166045259302,-0.001127333696251842,0.00025223214886871403
-0.004833932392822926,-0.0058485777047524445,0.001730355847851972
-0.004947329657475685,-0.0022543969884200044,-0.0009369606772705596
0.019184064171936965,0.0008419290469868779,0.0008078210640829475
-0.004919697745872531,-0.0030036120141647693,0.00030739645433686125
0.020005239015801757,0.009887782649217747,0.0010685119165974033
-0.004767620195424982,-0.00010694573954161957,0.0027213188624665152
-0.004795604714132651,0.00027350681627758,-0.0005588086145629223
0.01915769634123421,-0.0006012118371557795,-0.0001428018031770506
0.014662819158120066,0.0022137794775972663,0.00036642774783501864
-0.005054688212467906,-0.00492297222267557,-0.00022020559942803608
0.01186671937973749,-0.001462977555764744,-0.0020651811470151493
0.020179367550106853,0.0028080068977162087,-0.0006729705628578664
-0.004305636398896695,0.015787986564468448,-9595408087204049e-20
-0.0048408845950501656,0.0005896276680064094,0.0009728496265647424
-0.004910344529382993,-0.0030814612691850707,0.00042675130725122745
-0.004883053839126128,-0.0019981200917921216,0.00029514593054280613
0.019810496054273874,0.002335952687217535,0.007666671532890135
-0.004812413800544424,0.004874017262367802,0.0002573873679543315
-0.004981813311651262,-0.0025172062188623112,-0.0005518821133045915
0.019149853029050923,0.010098815932683025,-0.001712538930352725
0.019315465075985583,-0.0004949760700124761,0.0012246523572687629
0.019007599000542164,-0.00202401018272802,0.001094301096641992
0.006932771613112343,0.0014408818664416456,0.00032537969699864
-0.00497127526438812,0.003617123979993142,-0.00016911659152807346
-0.004996787641422529,0.005467452574826948,-19419753536364937e-22
0.004305249242792297,-0.0029620391108972077,-9610999682718724e-20
-0.004953142490978224,0.0012679251297217364,-0.0006273256699999008
0.008951767124773635,0.0010964851128281161,0.00016873640193681982
-0.004802539476370327,-24416309813091175e-21,0.0005004934693930707
0.019205808323124907,0.0022816088072415974,-0.000530686803305036
-0.005009960982901185,0.004879370807737482,-0.0014695007862817189
-0.004988836609676861,0.0034433607186346027,-0.0015890652776040515
-0.004975562429089364,-0.001203608489573793,-0.0003211867875818619
-0.004902939301027254,0.0030693443692451083,-0.0002476600277055985
0.017556815369860757,0.016934039666955947,18114977312411185e-21
0.0060337710264900535,0.00127728970970431,0.0008919972276832944
-0.005001141850734969,0.006010797876552676,-0.00041630971008577156
20567125877724024e-21,0.0009533217806017014,0.0012875578196072102
-0.004954344892428297,0.004903548051899964,-0.00033762586956742613
0.021320644383778897,0.0010919137888421027,0.002850439575484587
-0.0049563093655485835,-0.0014532843501846582,0.0007787423893881318
-0.004852332859767494,0.0010116439003993172,0.0016413405375015344
-0.00483885296225206,0.0015018756322463522,-0.0010813367185854572
-0.004826163571203801,0.004916680375979698,0.0018889304573891375
-0.004927410282427824,-0.0013334972378949983,-0.0003519265932939719
-0.004984006476763669,-0.001621978919792877,-0.0015165514155148774
0.019919129088427412,0.0003953909348407558,0.00397561660610668
0.01088324328437218,-0.001487364600442631,-0.0007441347979557644
0.008578805847639703,-0.0006672837418753019,0.00026732162441023277
-0.004883766990405158,-0.0005254645394350277,-0.0016421768751079258
0.014875525358576613,0.0019266359458778304,-0.00021631422550372204
0.0175879501634294,0.0011824257614471145,0.0018440033737235906
0.015094237872976923,0.0024075245778202303,0.0036988458672317925
0.01862438665956001,-0.0016242152595581372,-0.00027292474237716746
-0.004886018396896286,-0.0017503561387671729,-0.000735778090240391
0.006535621519895396,-0.0012231628392976868,-0.001539573519532711
0.01806787832680845,-0.0027997989403483192,0.0007273671924991065
-0.0003162978840944852,-0.007607649050717091,-0.0006481874128781984
0.018553946510018293,0.0008294895290140714,-0.001526091944236252
-0.00487841170287362,-0.0012656886046370497,-0.0005218253566851017
-0.004900923197213358,0.0023168338488717133,-0.0007967936390824715
-0.0016509384847532838,-0.002546836974183675,6122862081736624e-20
0.020439317956354675,0.0032220895909753633,-0.0006820481138599677
-0.0015359945418390586,0.00404411156526685,-0.0004745284204846767
0.011590844935987166,0.000682619545908425,0.0004158053542264728
0.01904224298829993,-0.0009461862745512306,0.002146995766275306
0.01259859348446013,0.005819502396753773,0.0020838307196935357
0.01984824929120088,-0.008008516468702043,-0.0030822884386626503
0.001519423971799827,-0.0019380086754272607,0.0007018781135728069
-0.004960050114731662,-0.00031667295088189107,0.0027073784776007193
-0.004983143131265244,-0.00024271595027669512,-0.00039241258573774473
0.004720938253443219,0.0007293312965553911,0.0005589283611922014
-0.0049358010153429666,-0.001075157465760701,-0.0022499534087709883
-0.005098822364120292,-0.0001748141540166559,-0.0006607429962499634
-0.0048322278641945715,-0.0013159395100471594,0.0012424792639524895
0.00822605566378043,-0.00041887626110304055,-0.0001695046389593724
0.01884415956145591,-0.0018319312562755652,-0.00274272094967698
0.01858268131528673,0.0027727518335284307,0.0009243148795635703
0.0011738622139489951,-2660882571836609e-20,-0.0011133499204207808
-0.0048399055923943335,-0.001794604042759329,-0.00020631151910377454
0.0031461083132148238,-0.006390742498281754,-0.0005791196440910751
-0.004981518223620585,0.00035611476133912134,0.0003077445217014585
-0.004953094995137297,0.001084041716525097,0.0025676203090402305
-0.004912254240509117,0.0007078769309109001,-0.0002215977022659299
-0.004830957735815433,-0.002780063517206277,-0.0005256968214299995
-0.004815653247014051,0.0010760960672004938,0.002300651714576718
-0.0009509009159515136,0.009333361092018766,0.00023418818880382997
-0.0049899191478829374,-0.0005216422411022936,0.0013638052719397997
-0.004748470023811735,-0.0024947054970325677,0.006524433970932275
0.0001264021602500609,0.0037985828655817677,0.00028099947016024807
-0.005113093567221116,-0.00017022135666111549,0.00017544311461126227
-0.004949724971477609,-0.0003390818422779329,-0.0015905788359156237
-0.004936618910989732,0.0013784461084521693,0.0015299521052106746
-0.0052253107573125845,0.0009998426653989867,0.007430233840329925
-0.004816143422205821,-0.00391234080178382,0.0012445349673609885
0.0015468255910000561,0.003312954393332901,0.005730275312116673
0.01927729777318099,0.006779297436510179,-0.00044366848004373516
0.012892459024053893,0.004386844467651585,-0.0003935463165839481
-0.0048125697470887685,-0.0005925178846510892,0.00019190461681184434
0.02067661936939913,0.002297831312442433,0.0016510330683120467
-0.004840929065003108,0.0020703852848252824,0.0009302653622804691
-0.0011893898922544777,0.007005467269325605,0.0002955385947425171
-0.00480139965877191,0.005180064481935087,0.003739204682052577
-0.004840747875606621,0.0002382005085697081,0.0003422180743685166
-0.004952319884838574,-0.0020627936007591163,-0.00012879164365908746
-0.004914568355820603,0.0063680448747809315,-0.0016987097867666723
-0.004925681428362583,0.0003130553651482515,0.0004751218094007914
0.019569466950842163,0.0012216779378314557,-8085642008137661e-20
0.019724756729644688,0.0077373759158689825,0.0008944398928907304
-0.004924879256574588,-0.00013849182325487153,-0.0006484276325366967
-0.0048318784792716896,0.0009726930314062354,0.0007460249084050297
0.01578396480935096,0.0008939451704922385,-0.0013374235647113375
-0.0049680538375770356,-0.000284267417023365,-7068682823596628e-20
0.020958078988749573,-0.001292663512599601,-0.0005957562515942483
-0.004901098735297316,-0.001960407419127952,0.0012774100275432243
-0.004927023386643747,0.0003128725513592556,0.0032797357756844114
0.01795888050626504,-0.0003716990157555111,-0.0007455444250685783
-0.005070162260483291,-0.0025302674180893714,-0.0018985785749534578
0.004495911552037546,0.00022825028151118865,-0.0006941393374210181
0.01851330722061939,0.0014026330225451744,0.0058366422743098
-0.004808307600007611,0.0015869096996743437,-0.0002837785315744634
0.019696879966572323,-0.0018425843069865833,-0.0055953931464858275
-0.004953753660389415,0.002101653938094028,-0.0010579119550678806
-0.004889666264451087,0.0063691987708633935,0.001211013659108251
-0.004901666887417555,-0.0029549358756122412,-0.00019184120904269797
-0.00156169865543343,-0.0004262965245378503,-0.0014419523831333825
-0.001193318349797412,-0.0015713800238329467,0.0032168736808491083
0.013542182010579884,-0.0014359557278220692,-0.00143274007197558
0.01973824833390192,0.005932357020132062,-0.000278096528208982
0.018283995925503782,0.0015308832937654948,0.000645640766004707
-0.0031986100782931404,29808252904106602e-21,0.0004760655390868562
0.006971763049496427,0.0004108910630780116,0.0006134558073727092
0.00941153106207926,-0.00032056770469146567,-0.001128107169759196
-0.005130919454889193,4360206347797657e-20,0.0005578892017853443
-0.004964295260961871,0.0010948709321783046,-0.00028661413735520114
0.019795189714626016,-0.0012592820556669437,-0.0003190700611950259
-0.004891576922084084,0.0020560571658756466,-0.0005457716868982887
-0.004815788089341133,10009654649256738e-21,0.0026756179838433036
-0.004926245525493922,0.013782046055777042,0.0003002832125255095
-0.004807740075862821,-0.001978482923882363,-0.0015855545512425406
0.0028590923864751927,-0.00064200432881234,0.00024150824669033621
0.019015309900036526,-0.0021794535157029227,-0.001173105091851423
-0.00490369252359979,0.000513360715610145,-0.0008146616864838085
-0.0049603865082051835,-0.004339687910040024,0.004364899176999892
0.016486446978815184,-0.000844204690604089,-0.0012945018202464853
0.0013743296325614551,-0.003831321919630981,-0.0003775256925371284
0.006580256145845453,-0.00216373544155557,0.0008752301053213118
-0.004993223642514644,-0.005323662716498201,0.0003533856441386707
-0.004941508329231681,-0.00026921808596624963,0.0018331904999904225
-0.004816514048041065,0.004769676868384809,0.0013794851317301404
0.006311191203165256,0.0014353884639989323,-0.00021005707747157043
0.0008003279239022776,-0.001330553927344047,-0.00018705430466015027
-0.004851973712646562,0.00825988736450245,-0.0009602567339741519
-0.00480018269897009,0.0005770200489005894,-0.000680038089079904
0.017347323915417823,0.0052955434259490675,0.0004059593373029191
-0.004804333709022335,0.0015036820889348101,-0.0021795655430010275
0.0027818479046414213,-0.0016209636540325256,-0.0002058310542791819
0.0036235266534063726,-0.00021782208607756814,-0.0006342519205242425
0.011080927957506148,0.002989209918662916,0.004499007936303756
0.0032456490131639315,-34813039313741356e-21,-0.0010871091360115104
0.012948392857961677,0.009391420527437022,0.0002461541421535651
-0.004981524808165383,0.002330281369500753,0.00016427242291339184
-0.004869864597810802,0.006381155258835314,-0.0009395620952665773
-0.004949280039956538,0.0003417079646136356,-0.0006098966055180233
0.019410014797701658,-0.0013348014657326157,-0.0006082058099990961
0.019662351296263036,0.009616183303100878,0.0017431154963103435
0.008718156467678262,-0.0005865219163644353,-0.0011318027067174219
-0.0048161758960568735,0.001169053869831238,-0.0002435802426062894
-0.004990650220088488,0.007231704516481363,0.0008013928122855285
0.01689206916344055,-0.0024268410487566783,-9991596087943755e-21
-0.004948260134682636,-0.00019720954114033074,0.0009422198204510623
-0.00486637361576403,-0.00012198039744903966,0.0002810075943682211
-0.0049319029763504885,-0.0014997907229024054,9811347232213663e-20
-0.004925091150538963,6010026840697069e-20,0.00045019313377969716
0.018975532035716447,-0.0016819233864339145,0.0007458049239897901
-0.004988421920295805,-0.0006263491160072299,-0.00417939694567715
0.013183927814377272,-0.0009021506669638635,-0.0001961020937293334
0.01897744416917435,0.0016875913674765375,0.001395331607226269
0.018477456834583128,-865042368961566e-19,-0.00037872993237630936
-0.004774457181680569,0.0014558769138138805,-0.0011102058091020384
0.011711629103897225,0.0015778761731990443,-0.0006476139868742958
-0.0050101803023370195,0.004674584127349557,-12770792393479447e-21
0.01864438737834484,0.010692383278529727,0.005375016607681804
0.019677943678216292,0.0018323453357089736,-0.0008152196016192326
-0.004803138025618825,0.005249663363783186,-0.001069411404095555
-0.0049598215239954335,-0.002990502008171414,0.0005611567489135494
0.003887197903784556,0.0021023810612880167,-0.00029063625262149007
0.01833074702950488,-0.0019845181803483936,0.0007228050928679286
0.0192936335378745,-0.0022019339152880013,-0.0017621452816769523
-0.0049467917975951625,7909827146124204e-20,-0.0007463985937402606
-0.004917390890774698,-0.0009970566067973863,-610999082488739e-19
-0.004758617587375502,-0.0017204259337854078,-0.0005415290492531977
-0.004966919985709417,-0.0009379680174090854,-0.0016508007863808016
-0.0049090685924955135,-0.0009157291278357738,-3125550617488759e-20
-0.0049591357939708924,0.0020029204680620527,-0.00023577627239068644
0.011727751701379407,-0.0004848928855054613,-0.0010096321442990552
0.007335996796367095,-0.0029270452350314002,0.0005987799671809402
-0.004861346948083489,-0.0022234442507328422,0.00021760513177304652
0.020230546217296252,-12487037474140372e-21,-0.00014998595030335515
0.020446770977861295,0.00014662060815562317,0.0004508486276006973
0.008810457786922576,-0.00141029973021356,-0.0007688337660007871
-0.004800148797708181,-0.0024272112980189275,-0.0021349015856808595
-0.00491121993063115,0.0006479918906197035,-0.001114586139531193
-0.004909541768932768,-0.00018464909859328138,0.0007289908822849522
-0.004927404610361785,-0.0024440327088441904,-0.0006236483397068504
0.006509644930141056,-0.0034022937978458456,-0.0003996413395531695
-0.0049866099415879495,0.0015626910753875345,0.004232903501154239
0.01963648797586537,0.0031153520227281684,0.00010963062805380286
0.019802805523192468,-53444995072315926e-21,0.00015621140246757648
0.0009204889714499176,0.007580752962111692,-0.0006452562483332258
-0.0050315142114557565,0.003034187861101656,-0.001137169913881353
-0.004828814076124122,-0.0051717402043145455,0.00041327725327588993
0.020266115609608226,-0.00035483592939977715,0.0003045460857626914
-0.004729852637863408,0.002599290722053227,-0.0008226181849583236
0.019064668495455406,-0.00030614968021946964,-0.0008257203757411347
0.019997857479259418,-0.003002504549046048,-0.0007272739330751454
-0.004936373420362794,-0.003570295943795765,-0.001241208536710281
0.018261723992871515,-0.0031508041257813924,0.0006192185795544924
-0.00477114712804505,0.00207494066278624,-0.00018856420573731825
0.010966630116752474,-0.0015472741326685302,-0.0011411617179841738
0.009907448403497554,0.0008485939386175811,0.0002866872270036458
0.01968387184758258,-0.0012639971181087617,0.000389604834806101
-0.004944071109130754,0.0031445372138972916,0.0005061925711179471
0.006983529124827248,-0.0006483036245734652,0.0006723450071792758
-0.0048128527957098655,0.006978716962018461,-0.0012545603577313047
-0.004985764636939338,-0.001376358302704106,0.0023068215762319655
0.01979946956662404,-0.0010519791727534589,-0.001490295555499399
-0.0050048849827487585,0.0010724245848979796,0.0009966914483022782
-0.004564885702141974,-0.0018119810567280847,0.006526523222225578
-0.00490665021529646,0.00034974048218672227,-0.001447168878678129
0.017891873419375814,0.0016112577767357639,-0.00030351563099662027
-0.004950403236776535,-0.0020693893778237493,-220297926396551e-19
0.019980962644315148,-0.002183101948748045,0.0012586437109447512
-0.0049820683988017755,-0.001373289663114674,0.00917813280855273
0.007366514378688516,-0.0008516207662071507,0.0011739521150569976
0.0034484693304279723,-0.0015088851662677927,-0.0019885791612261894
-0.004852009085005382,0.010999655923525031,0.0014897782765667111
-0.00477297261686771,0.002080109903538796,41174637487761956e-21
-0.0006790660736339937,-0.00126221965827078,0.0018749766437115012
0.010094673601403481,-0.0006154114849007408,0.0024403743709726644
-0.004814876537142965,0.0013105696094558583,0.0026908552899720384
0.014591652059314564,-0.002388545583313584,0.00043233171738787934
0.0031093721952566433,-0.0022395655521120217,-0.00021855532211478845
-0.004842456390168004,0.0011471665623292715,0.0034446249432832365
-0.004931168205403957,0.0028392326268763535,-0.00035258331406951005
-0.0048036328193902245,-0.0010224103329526946,0.004796870003584308
-0.004747146567442684,0.0016945617768676646,-0.0004178890282342529
-0.004933737212188927,-0.0015629389024452989,0.0007432958410009682
0.020170144072074847,0.0030198530345125763,5005494098642149e-20
0.019027195019311716,0.0033248579272253664,-0.000669429612595307
0.010065914288198918,-0.002555219273326692,-0.0008741918305054108
-0.004933862797103616,8857995446032163e-21,-16939432884943706e-21
0.018972249925864437,0.001235674047063151,0.0016242974062710136
-0.004846462468614088,-0.00023912254031754898,0.0020441556172386965
-0.004933895309100156,0.0028653451690950904,0.00014672501960610873
-0.005020628850000541,-0.0021248920117535874,-0.00122559506041664
-0.004824328362745378,-0.0022956026853435674,-0.0005694285232489271
0.01922242642249339,0.0012930002752957748,0.0012579217596934145
-0.004895578964743907,-0.0013819702299940895,-0.0006009845778798262
-0.0049799115990233345,0.0002402572965721772,0.006561043865221938
-0.003542719009719919,-0.0040475560998609605,0.0009905251064070697
-0.004938663291097933,-0.0001986688969733974,0.0006729822360018733
0.01409693388875577,-0.0021984716997295317,0.004331595088900797
0.01871043180460552,0.0031688683759726333,-0.0014690346857058056
0.005382527142794302,0.009064828241265865,0.003074851840538795
0.018825051848336938,0.0007995093801975717,-0.0005840494356433856
-0.004919548725776823,-0.0027184935428368195,-0.000823755051952868
-0.004886663701567873,0.0015353525604296925,-0.0009489653502371409
0.010317716775852581,9016109800408234e-20,0.000657184601212113
-0.0034593342370826674,-0.0009337716734626467,-0.0007436140217005338
-0.004830869073367494,0.010141159705851832,-0.0007962745348589761
0.009714627427841571,0.004184164155406567,0.0008988234664683015
-0.004985431264088125,0.0014474075543788878,0.0002705521352919238
0.014377665682995144,-0.001422733998150516,-0.0004263289624703015
-0.004913924001420988,-0.0010860828264365185,-38414766247552024e-21
-0.005033737037188457,0.0018513563734589011,-0.0006107664672356794
0.01533915554928611,-0.003710210620147647,-0.0006092176090886081
-0.004808897207555285,0.0012473726303333654,8807280184741639e-20
0.0208737172815332,0.003061693555324707,0.0001442897903848328
0.01996845103059275,0.0012302202771017345,0.00024691081279193394
0.018447628411495165,-0.0017636808324130726,-0.0006829159974927057
0.011636988892414268,-0.0008342837662694835,2803856776056879e-20
0.022035693320687444,-0.00125749053336488,0.00017550502915386623
-0.004835099372522023,0.0017794285023202683,0.001068803191763057
-0.004978134918029342,0.010265577917141777,0.0006925476956682886
0.0020857165744828654,0.005633253862228571,0.0008383777488920607
0.013007967356815753,0.00012867226607871096,-0.0015337831381078137
0.007068020545524467,0.0005089891933223178,0.0012124213602552336
-0.004936067351021145,-0.0001436498748420556,0.0006684991095868842
-0.00494788957124348,-0.00025442545234100056,-0.00018924734252989683
0.011472991688348144,0.0005513540203238021,0.000984500911747066
0.004315142588909193,-0.0007496996938669565,-0.0001264440604694661
0.01152763820113456,-0.0003511114302150453,0.0007398283101495151
-0.0049322179699290425,0.0035662939599262478,-0.00024718878607132844
0.019990035683596696,-0.0022737441186079232,0.0017483925023540348
0.012383751923040753,0.0002628352414215662,0.00011854321132198642
-0.004768822062376277,0.004484018085300856,-0.0009565156434233613
-0.004917404808876591,-10545930672845039e-21,-0.0009036926185161942
-0.004766143739424189,-0.0002055586553481037,0.0006542320069060636
-0.004919865391895484,-0.0008320849550250697,0.0056494338020401935
-0.0012545088370135016,-0.00017497375808994686,0.002376114379465055
-0.0035792142239058355,-7041037535948647e-20,-0.0007842340402823833
-0.004810308550196596,0.01213067861723871,0.0001720752679690296
0.01938243721091437,-0.003167598214405487,0.0009573082919968057
-0.005054858352419478,0.012750951948828249,-0.0008439565434765761
-0.0050432801126738536,-0.0007273050228125966,0.00017042771375985755
0.016574893233284427,0.0028227466646684185,0.001194263674440088
0.013814881572028481,0.0007892078210902653,0.004391341511245095
-0.004812102114298944,-0.00029693761629145943,-0.0009281401047880333
-0.003063479168444516,0.00232634744371385,-0.0012039135524712918
-0.0049952636795482785,-0.0003055768027634409,-0.0004567877741421533
0.005299592098547579,0.0021300906599324154,-0.0001651450858904946
0.019781941540819137,-0.003721053849288003,0.0014967193093760045
0.007549618566774718,0.007992551653772106,0.001517108885747076
-0.004892284898065369,0.014866605984202419,8719455552697042e-21
-0.004916172022766729,-0.0009403325760869441,-0.0001906260419799466
0.00562884903895422,-0.006380922412386192,0.0005897443292187665
-0.0048874590325346245,0.005579560537363193,0.00025223546782215944
0.0003212729746907561,0.002070193437932577,-0.00017351229258133483
-0.004872046281538367,0.0010080174318006785,-0.0009594093196378939
-0.005017950470108001,0.0002743949609341767,-0.0009311420670624626
-0.0029812456165718704,-0.0012011467254092745,0.00548599241525527
0.007450768173093203,0.004591242682713492,0.00041882693341877
-0.005078885631761509,-0.00033272573150733287,0.001656529076105917
-0.004972383410526526,0.006707524584168567,-0.00018864213362645987
0.010512190851619252,-0.0022408174479962018,0.0006085735919758584
0.021125791487968226,0.007208287946436576,-0.000840479803894123
0.01763085049774571,-0.001779595015249713,0.00016846749671639571
-0.00495461367115313,-0.0026865968119708095,0.00042910795190120865
0.019289758707012772,-0.0008736217008932234,-0.0006005185353873399
-0.0024559014996159423,-0.0009250834350317261,0.00951737531186203
-0.004944889080231718,-0.002939663964498185,-0.0009450763108704852
-0.0029929721304273738,-0.0027211419735719833,0.00035742415949446826
-0.004904507372938016,0.0007089504487829412,0.00033123087721320665
-0.00439474804676554,0.003874865155762741,0.0003546598747057317
0.017538361494763732,-0.0003654202083640534,-0.001120042096985352
-0.005077915246073816,-0.00015139959100163303,0.0010622758074656513
-0.004903768338732517,0.0007813528105955481,-0.000863749411582182
-0.004805088276151892,0.0004130713453666113,-0.003691967884015157
-0.004834750593916137,-0.0028477105552615622,7991007296048735e-20
0.0060683941408883335,-0.0017950313420983521,0.0004485426180753649
0.006668384276323436,-0.0008663052473085742,-0.00010524916271981155
0.01942507392559134,0.0010965991730137459,0.003158300243504386
-0.00021218320373261879,-0.0026840981523065244,-0.0008059546608778501
0.019976582443499202,-0.004506018086288366,0.0022443207135122156
-0.00484295677377955,0.00021743615221669899,-0.00011835385677794186
0.018439548525710392,-0.0003741448461100916,0.001230842483432082
-0.00483201746787143,-0.0009040130761206466,-0.0008044004220517653
0.01923041975346662,0.0008619712678812341,-0.0012007905593919288
-0.004959277922364724,0.0013323187206224496,0.0003173727709571139
0.015709756572249822,-0.00429984830928376,-0.000986266907644917
-0.004776174533323352,0.000864918479999699,-2052969126675741e-20
0.01621963739873966,-0.0035838740430100824,-0.0009561857833443321
-0.004768825923741615,-0.001848922554915533,0.0029913678454785986
0.015320639612633968,-0.0029807911893912076,-0.0004147906019127401
-0.004942286298855736,0.0002133357843860928,0.0009156985527145611
0.007610342572831108,-0.0007298862278644069,-0.0008097619197200423
0.0074948139333230746,0.003629502994148881,0.00015954786552019318
0.01950254877510682,-0.0008258483049184973,-0.000503826610585123
0.019313781211481862,-0.00018790984771932528,0.00030724481348021193
-0.004894090533501205,-0.0030484472455269973,0.003965226656491461
-0.0025821198905748854,-0.0005583187058105787,-0.0001818246471417817
-0.004135013099215823,0.0027241740997649977,0.0007766878074536576
0.007225928874391996,-0.0004586698531200417,0.00405655553891604
-0.005008623385825528,-0.0001284494618991605,-0.0012026329867845797
-0.004912807277463682,-0.0008082773678788069,-0.0005841428808480709
-0.004946700329877096,-0.0007170483760976509,0.0014859781505800473
0.008629713766087788,-0.0018854383761112148,-0.0008071468641387414
-0.0049671830220345825,-0.0029949721669884077,0.0004232022349147657
0.009627023793746137,-0.002083791894141318,-758816985146904e-19
0.01291773984292055,-7369908701826411e-20,-0.00015222579502360833
0.01963689704142868,-0.0009812730960436777,-0.0006096838498214074
-0.005003725846173479,0.0018157918574266407,0.00018074689150904266
-0.004737921188475935,0.019303326522610464,0.0003242780837489079
-0.00479000240924099,0.013828965169664809,0.0012831262306873814
0.020756492660021775,-0.0016736132184786978,-0.0006605273090961594
0.010801481982211536,0.00040382678067907296,-0.0015512377937122457
0.000351729421590008,0.0005295226007506759,-0.001478899816650281
0.019984725675012305,0.00046597395639957906,-0.0015455575646459163
0.005325955319716358,0.0013220941734369829,-0.0013161107005420503
-0.00489935693667487,-0.0015384660606456713,0.00044114951587514994
-0.004949468651306077,0.002642089425838212,-0.0005960629080949964
-0.004837009216674182,0.0013871581665212407,0.0032164367767626434
0.01967631624234678,-0.002169838686167047,-0.0002364741322187225
0.01905573939258709,0.009950360914621648,0.0015201693267101746
0.019820450644042142,-0.0009177169750003156,0.0011933900144336373
0.01993115702333481,-0.00013567465990016458,-0.00021305438724261716
-0.004849495026792661,0.003616929008959935,0.008352852400307365
0.016278914578852333,-0.00010395445741129272,0.0003186647830906164
-0.00019583400048550637,-0.0013042346021754359,0.001670250801780404
-0.004919335314232165,0.007727452320444028,-0.0001539111036208407
0.020466142444378277,-0.0028442155908041666,-0.00023409067007107431
0.0197858592399921,6290624447724547e-20,0.0006143423258194725
0.014128139624335123,0.002318258959197461,0.00423693835861183
4150317069795406e-21,0.007009779242947434,0.00029114888526493576
0.004448758473458825,-0.0010204857572219117,-0.000814833036915763
0.008307886249320329,0.003774420891524022,-0.0011546484701152604
-0.004935927170648169,0.0013435069821768897,0.0007688393394146287
-0.004903985967586011,0.001147851522005583,-0.0007259716843239783
0.0005423201960976787,-0.00024178093080373664,0.00016673781157428014
-0.004803012498104553,-0.0016590745819923258,0.0022451570031682966
-0.003177606354588969,0.0006026989945957517,-0.0008524782236759565
-0.004967618717309552,-0.001377336997827494,-0.0012427274256804344
-0.004811659857767325,-0.003329451207892853,-0.0008476250719557932
0.019781875944979266,0.001088056485151423,-0.0005586270513264768
0.017392233511755895,-0.0018222631205341289,-0.0005417688567802559
0.019284377374572115,0.001113474597524422,-0.0004903393658790556
0.01961711761267093,-0.00029407032546358014,0.0054042667504556885
-0.0012086697139715996,-0.001413736449713765,0.0006148374906742582
-0.004974155672733294,-9950065130204244e-20,-0.0009164263806729078
-0.0047605578587939235,0.005274804261981791,0.0019066704110516364
-0.00498519717601853,0.0009285145149600105,-0.0004867262515508841
-0.004821636041456578,-0.003421380986938116,-0.002131099991814489
-0.004942192700086223,-4948299455520555e-21,-0.000819504145861738
-0.004837053361515076,0.0020370505172994102,-0.00389154087832555
0.020186706853537517,-0.00041710328063093716,-0.0009569308263486231
0.01857873628955775,-0.0008212578702675444,-0.0010467826355610166
-0.004838898474929909,-0.00132306377424396,0.0003244855754038767
0.018979492103313955,-0.00024623045071137106,0.001127337063703271
0.01762105503281497,-0.0021031199067946815,0.0027988219723494856
-0.0050462421663626245,0.0014436854229681328,-0.0016931711415714146
-0.004853931699323577,-0.003624456571570178,8946414584132256e-20
-0.00516203207226984,-0.0012356422539592238,-0.0009502861297276954
-0.004961064647387992,0.001653458952356579,-0.0017735488030360402
0.002166206015231098,-0.0020030257599876755,-0.0003917408604400263
-0.004908154263456033,-0.0022936787010808812,0.004831767180962676
0.01907669880395013,4405121894890396e-20,0.00015014634351673273
-0.004920476243660432,0.0008863701976848937,-0.0006761927546751201
-0.005006050482724067,0.0027754209303569866,0.0005990714207939618
0.002196315024688089,0.007894851661157998,6052063884520731e-20
-0.004770068538659578,0.0011688043685824656,0.004801760015668122
-0.004997282246152146,0.0001430855221840055,-0.0013140157453876977
-0.004798678471537032,-0.0004021589120046798,-0.0007948360944811661
-0.005010359256671815,0.0034096137713841568,-0.0005116843516608238
-0.00495409423715043,0.00242151716423189,-0.0003200988580498443
-0.004961712065470136,-0.001082430515940369,-0.0010441807868153408
-0.0008126411300839465,0.0003495984527298601,-0.0015372806865046051
-0.00508278104745763,-0.002661120631969216,0.0011156627143222853
-0.004826369750811299,-0.0004721245708499966,0.00039472513960869815
-0.004871217794494065,0.0006014254295571009,0.0002855687556015951
-0.0049265629172057235,-0.002621489371542385,-0.0003611826160663245
0.004267815215932114,0.004758174472200283,-0.00036760400281710126
-0.004985035479575073,-0.0013013593574126014,-0.0008742676400952387
-0.000848578741062811,0.004495041478919881,-0.0007925062400738758
-0.004905122325990718,0.0006514095369946071,-0.0012122877104946417
-0.004900708375388918,0.00304330576296008,-0.0009436573434753459
0.020050486886772467,-0.0008670933104761858,8141388182725251e-21
-0.005048250828794232,-0.0009801071825445984,0.0011549294080858141
0.019205186234869553,-0.0014197113123119998,0.00045236365295053815
-0.004908823501397208,-0.001404866946853378,-0.0014189732032479085
0.012259507921010715,-0.001860432703382764,0.0006979941082808638
0.004587715949554982,0.0009221503564597056,0.0005873544538533837
-0.00038566755858415736,-0.0011289696195980747,0.0010754428679897732
0.01873298345424146,-0.0026147776214136,7488380107778525e-21
-0.004981180134470353,0.013897736369552605,0.001997572222511401
0.01968553586340671,0.014555045133096689,-0.0009654816038765501
-0.004821757121159953,0.002204585782465962,-0.0001018003806756429
-0.005008943796638632,-0.0011144485426538564,0.0011744422037650581
-0.004992159118266448,-0.0008774400573935415,0.002786800574293924
-0.005114095198482493,-0.0018665751394597585,0.000571037928571716
0.016713558923028837,0.0012109913692283092,0.004720187417269539
-0.004809010450061324,-0.00036884611711507365,0.00043932866149232197
0.006857197051798325,-0.003346767094083991,-0.00027146144550804774
0.001492637243744599,-0.0015318508741622994,0.0011649775947536467
-0.004819334308889922,-0.0007070957524858423,-0.001152180630521804
0.018668440821778653,0.004706874831369667,27546402833755756e-21
-0.004914181317551836,0.000223575173447621,-0.0004963537696753839
-0.0019480780344446336,-0.0008975072899488623,0.0001614518315725677
-0.004916122303328274,0.003055694294205824,-0.0008163632871078796
0.001168509214526381,-0.001649855777197451,-0.0005531146795890729
-0.004974866114567877,0.000732102516964539,-0.000726990934968641
-0.004932707150989257,-0.0004630025383571823,0.0006697736949736743
-0.004984220217895907,0.008620377304033089,0.0002954946776031475
-0.004752544987775664,-0.0003874290652580159,-0.000634483608643932
0.019957904525840453,-0.0012707131543293615,0.0011411073243451364
-0.005063920205563677,-0.0015873913183287458,0.0009995276811154419
0.010895635872552267,0.006702158998107444,-0.0005688446202181119
-0.005011596277858854,3891000802980216e-20,-0.0001931107437646018
0.01866615140446637,-0.0007929147283741722,-0.00034272979465066467
0.0027430440027450542,-0.00048335269928301283,29076422836782356e-21
0.004648284182340534,775836999378221e-19,0.001419221507455437
0.0036691163140544214,-0.0017491836494955004,0.0025889848640934243
-0.004978411560069507,-0.0007839930895984226,0.0002280943416833603
-0.004963845502396369,-0.0007164082956356843,-0.0010527246473943652
-0.004821889363821996,0.0008998428084834309,-0.0019347083692382583
-0.0012138761972553258,0.008896498333000769,0.00022009565343006354
-0.0050005050712433885,0.004541395819505634,-0.0004298310864019328
-0.0049127188801272315,-0.004125725756983667,0.0010211181595466412
-0.004867260557309572,-0.00026074761400562974,0.00019124266535464063
-0.004950319676704673,0.001499181739719746,-643721116216911e-19
0.009480164864205554,-0.0007896985508537568,-0.00012219086234754872
-0.00503895848889413,-0.0006464779100490148,-0.00013053044301591932
-0.004829026048882024,-0.0006259579481282529,-0.0009379458700045085
0.017688649898932707,0.0020991211869546555,0.0022707602355914736
0.010711023183758828,-0.0003466854819024201,-0.0005343256191059353
-0.0049046866949403745,0.009782793897930464,0.00015624450629780906
0.01273101737935245,-0.001901660106309766,-0.0009075644263133453
0.007859959830841978,0.004611174180367605,-0.00017973027555362453
-0.004982348541090809,-0.0014465123924325418,-0.00022553218693388555
-0.004965505368314194,-0.0011388920269004288,-0.0017175815334585787
0.0023762677720752245,0.008452543997395368,-0.00011195853442191872
-0.004883452669302124,-0.00031720552034464333,0.0005796194169207514
-0.0049954710090398535,0.0015268403179826695,0.0012497273674080267
-0.004798363208973755,-0.004290120377097195,0.005117849986582823
0.019863497311505718,0.0004786938219681902,-0.0013839661265909742
0.00722095279761914,-0.00197148978361128,-0.00044355481945812514
-0.00502723063547339,0.009347672320440537,-0.0007395158736304142
-0.004817068036346406,-0.0006127721728540481,-0.0012267249310313755
0.012502203531116751,-0.0016487065257780875,0.009867981436022744
-0.0048408784397369065,-0.0007835109602809531,-0.0005371931188151713
-0.00492092080137696,-0.0004550251441155506,0.00041391087580322505
-0.004950727521511489,-0.0006679898663460859,0.0026284581015295627
-0.004923183035837164,-0.006341670667952104,0.002097713439526361
-0.004814077524192717,-0.00328837633340362,-0.0009259461375110689
-0.00480968302306406,0.0003207679798503671,-0.001199143560762228
-0.005013180046458565,0.003107445318224822,-0.00028293365657683367
-0.004918805261635684,0.002345008440659435,-0.0007036638807833562
0.01992860211974168,-0.001429466668883217,0.004523220591434729
0.01968692908961389,-0.0027919277981010016,-0.0015356032446253165
-0.0049361301662560475,-0.0032927365500374783,0.004170975974190028
-0.005044576827985203,-0.0005084996497047856,0.0009376102986828894
-0.004842999914149493,-0.0008805378631261407,0.0010327325720498326
-0.004800509298310107,0.0014458449821714847,-0.0009966782002874819
-0.004942582083534264,-0.0017103385083394596,0.000918924677638655
-0.004909750846953442,916364528620317e-19,-0.002652379399515903
-0.004938229973161068,-0.0004914509009317225,-0.0007965907535177896
0.0015611876441600225,-0.0033091007635487335,-0.0014987554475717202
-0.0020082608673531732,0.0014761736412255422,-0.0008215505837801951
0.018278772021369072,0.000379339966859904,0.0004809056983235971
0.019658176846994335,0.0022507358349848072,-0.0006737653461501569
0.019014717033942974,-0.001037373650082718,7552003721023048e-20
-0.005055264525284597,0.00013220968255733823,-0.00022135953420809873
0.0197518949829103,0.002057092120139159,-0.0010345417389758804
0.0018217507204756345,-0.0015617082366089496,-0.0004563098905281393
0.019488609822542302,-0.0011262291514531064,-0.0013959486083865436
-0.004806920855326857,-0.0038632027329316143,-0.0004825725282099347
-0.00499313467793161,0.011824763727936727,-0.0002775522927827012
-0.004609181455372591,0.005915362473175256,0.0010913890364437906
-0.004898371193360007,-0.00014086369465748927,-0.0008065675591983901
-0.004743992173471878,-0.0013356616523303444,-0.00010429208996254324
0.019666227019251026,-0.00033850606574770126,0.002339377750777971
-0.005031102732607873,-0.0012104374518679961,-0.0005747357261792763
-0.004816560542885817,-0.0005073847832807177,-0.0006953981553495803
0.01971744013520016,-0.0011168767777807176,-7384893304629436e-20
0.016448903891174815,-0.0026015213214029,2768924817320162e-21
-0.005094689479755443,0.00017965906640526885,0.00042757296715756343
0.009247064836922059,0.00018495753922287417,0.0013905207866909963
-0.004892339732641804,-0.0012044547242952008,0.003437019284413645
-0.0003143239278157184,-0.0014804265932768512,-0.0006920033121508018
-0.004982328615651177,-0.0009564217185749069,0.0002554029530695834
-0.0015440574655017913,0.0005854781030125711,0.00018083170887450706
0.009925920308758274,-0.0020874317256398545,-0.004155184643410692
0.0016083345985777875,0.0033537787134174657,0.00030351615679791166
-0.004846105598158901,-0.0012644948046149906,0.0009224827495284416
0.019717636535889538,0.0014875096004902666,0.00019085186764145057
0.008216689103669017,-0.0026897776483570945,0.0001307946998021503
-0.004942895373199141,-0.0004555805534518509,0.0004361680378159871
-0.00492356253883619,643137436989738e-19,-0.00010361275737202913
0.016780780540714857,0.016428386461351363,0.004051026371566513
0.02149475425290026,0.001655640783948864,-0.0017961943699225102
-7809218032706067e-20,0.0011796034617086448,-0.0014519368666195964
-0.004119020187429379,0.0005264638470825478,0.0008431646759758937
0.01984147205073028,0.0014276931435560636,-0.0008680547807395911
0.0063937486252610976,-0.0015362450174533082,-0.0016748023638085696
-0.005075201464809553,0.0021437659877532322,-0.001782008275941549
0.019881440512811932,-0.0020956317856800633,0.0009921012563368636
-0.004896401311731635,-0.003486505366369852,0.0012979247707054498
0.006738680192227342,0.003444999144568528,-0.00026881634308528746
-0.004806116268280647,-0.00014688987214195315,0.0002181942407535331
0.018625225979667093,-0.0012399721309016565,-0.001267355655004354
0.00964803018227034,0.0015017976750358875,-0.0005763628688831846
-0.004913523381890106,0.0002720081344638192,-0.0008446532180671484
-0.0041413062851750615,0.012759298490105042,0.000437142157925563
0.018133324478357693,-0.0006825168027759787,0.0005468717118300992
-0.0048089210967601215,0.0007801101516697884,-0.00045690113840457514
-0.004763909010161549,-0.0006371713382331556,0.0016559503681289334
0.004873727484442036,-0.0007411682104466744,-0.0002326357875955809
0.008203648853652656,0.004118904786575173,0.0005439039555084069
-0.004827239157254248,-0.0006803176881615691,-0.0006759653522514508
-0.004842358836000149,-0.0025050225722296204,-0.0005444262914702236
-0.004903193679671625,0.0015338441181738105,-0.002041651077494655
0.005664055890131858,0.0010376711301969266,-0.0001732439873836089
-0.004926607694317076,0.000588609647210192,-0.001756015673579192
-0.0049974531186484095,0.0026023335394098623,-0.00014279250669657628
-0.004966099993721995,0.0002878629076807915,-0.00027759836698038054
-0.004996971227257063,-0.0007598151551436727,0.0007338811148726032
0.0012509839925216593,0.0005260058995836259,0.00889922609340299
-0.004901997859440899,0.017736616669779992,0.0006395398183701717
-0.0018742110437479642,-0.003084690566351189,-0.0006455273242926829
0.012405058288230908,0.012749625543757359,-0.0013982476966634128
-4765647154370001e-20,-0.00035916332738639145,0.0058006051635494105
-0.004819523611857557,0.005324635402382927,0.00011050108682231219
0.017406563733907476,0.0014843259896035743,0.0016409280422770012
-0.004838506250213759,0.0021580447134923464,0.001424684337620441
0.020957440085271672,0.0020540804453944572,0.0033893943062326404
-0.004943476705198346,-0.0036053006425587064,-8957204403814423e-20
0.019136592360391225,0.01204058095718763,0.001797026150265224
-0.005006266580663832,0.0009082992457779548,0.00010073203859262136
-0.004982289372415849,-0.001603021604360988,-5538593784915058e-20
0.020292047087161147,-0.0005252774822273043,0.0008066186815204324
-0.004990449729386004,-0.0012258896966815813,-0.0006545032130587103
-0.0049470676512668454,0.0004755561151383869,-0.009898545168225303
0.013151751411296653,-0.0036134734392168077,0.0017100801538038057
-0.00494127020041768,0.0013011036158686595,0.0003000363986315202
0.019787591721574516,-0.0026515161513286367,0.0016037024818070789
0.019511903986242474,0.0020824322367283266,-0.0009436155482061004
-0.004813035478293259,-0.0019969335665828147,0.004466233920550455
-0.005002100595204451,-0.00014271581273284095,-0.0031604544662029443
-0.0006908136344239146,-0.00460421577530068,-0.0008316300361688178
0.0006865956711727961,-0.0037465914084564567,-0.0012810449128368706
-0.004820502891601297,-0.0009676213870146722,0.0004977156629393242
0.018613194437851588,-0.0018752985114185439,-0.0011091556937771196
-0.004947907043287625,-0.0016468032205634309,-0.0008850120682366569
0.019852384662383593,0.0029216339602924357,-0.000546835183142913
-0.004876946827513273,0.010840377963830417,-0.0002986099136855769
0.002963171692968891,0.0011847720944212492,0.0023330651505696354
0.02015085015832685,0.002178909445299193,-0.00026735479783335236
-0.004906740689492484,0.009882473471900521,0.0006817883263240399
0.0008071054946174883,0.010201350065288994,0.0006446421408906611
-0.004925333325498937,0.006964027726384936,0.0011084734806255936
-0.005123928715737525,0.0019817479648521763,-0.0010102892677548159
0.02036002062295572,-0.0027473268544326856,6103879240826338e-20
0.01058932413917224,-0.002584163271150075,-0.00016562396982322536
0.020201966454632014,0.00012761281000872593,0.0019348017819855734
0.020159078434157318,-0.0002053954764700272,-0.0008205384884463207
0.010747499344152645,-0.0008606817384300136,8187824189997972e-20
-0.004777883418036977,0.002636434073988614,0.0005787792585747464
0.015356947186955905,0.0021371755557100247,0.007436881198979117
0.019699812034978503,-0.001584241673431186,-0.0006266010977122871
-0.0049125086795577255,-0.002165059575893191,0.0003980634443629949
-0.003865804028996056,-0.0019265349226751383,-0.0007063087236203192
-0.00489389466496315,-0.0003732795772929398,0.006616407934412316
-0.002045490588072907,-0.00029933014024940974,0.0029285933878326897
-0.004035739855168696,-0.00275119150394032,-0.0009455388930310615
-0.0002183671492781425,0.0015880793716619435,0.0016427641968043138
-0.004799806558911546,-0.003224679418802223,-0.000888470956527887
-0.004994612578503643,0.0026992498063170833,0.002337158766855807
0.012980814227844473,-0.0002671634141605539,-0.0035300458030497195
-0.004939260492167308,-0.0019469801957261446,0.0008522108254601646
0.01945372653596844,0.0025501266507768072,-0.0013794200866736883
-0.005004810290498707,-0.0009430552700699923,-0.0004972937096288099
-0.004929983938940841,0.0006903228680839035,0.001451379496849814
-0.00494431930204231,-4241057849663221e-20,-0.0004418801807661854
-0.0050009601484461985,-0.0020964795456014373,-0.0012423262173523186
-0.00496081981033536,-0.0016206247564471976,-9638308246739946e-20
0.018988808443558658,0.00033926225740388283,0.00046924082113553034
-0.004832474357249095,-0.0012050270467921509,-0.0005068987520869817
-0.00495584112112335,-0.0004973140811446175,0.0006333133818675618
0.012289553080260585,0.00294212420419826,-0.0003537808110596341
-0.004780639037630818,-0.0008171496052917782,0.00011333983729822084
-0.004882172723599143,-0.0010046610273145573,-0.0005845470047930457
-0.002416427245920949,-0.0034817963741150537,-0.00019943252182152982
0.02051173103066617,-0.0006722836930433962,0.00031067036797083336
0.019997825040686923,-0.000301523399893866,-0.0007796276790210666
0.020021108652712893,-0.00209427306744836,0.0007736322548028696
-0.004995102199161772,0.0011986462616216942,-0.0013615114890754842
-0.004865607069191702,-0.0007192680373987459,-0.00018799112062239942
-0.004770588936052644,-0.0002482022307421783,0.0004755106388105723
-0.005054587586424075,0.005365384681971008,0.00039269743812697655
-0.00486746902402424,0.002206672735670323,0.001025550864620639
-0.004858845918720434,-0.004011356170868452,0.00040130569253882253
-0.004888725934095617,0.0011989503233713616,9771509789968658e-20
0.019403116899010864,-0.0029001567059692146,0.005378787423942599
-0.004973891181289769,0.0010574154530392788,-0.0010136637772144574
0.01755414489093765,6926995568956595e-20,0.00027820652663845813
-0.004484207859250522,0.0011292227899231122,0.00040344602965691756
0.019437321209295755,0.004153669316610098,-0.0004390735528237988
-0.004874189739372814,0.001509220263279487,-0.00031755633743990597
-0.004858555315971569,-9428039665548837e-20,-0.00014400309641005027
0.01923789871016779,4582266481456543e-20,-0.001833834944196755
0.018373154544961134,-0.002073828717888304,-0.00036753343300821584
-0.0050554329793134345,0.002211567947446591,-0.00016496984767433442
-0.0050128344198837604,-0.001241738713003926,-0.0003754097852570748
-0.004914816083690821,0.003454709847507953,-0.00040382505445935024
0.018042006376635222,0.0059421563296935265,-0.000672369592455091
-0.004961063904026397,0.0004766327967397066,-0.001178622136415175
-0.004904408777722802,-0.004828137362132279,-0.0007961268892093809
-0.004837641569990225,-0.0002347655884928912,0.002262980503713319
0.010324420490559483,0.009800880013265512,-0.0005466895686935258
0.019953649310002985,0.0014663626777182692,0.0003272876684639048
0.019830762916344225,0.005508083278712772,-0.0003261482258219983
0.014013314229635032,-0.00040102229774841014,-6695900547382116e-20
-0.004659428344647054,0.00024040802435698616,-0.0010281348140661617
0.006644746199783169,-0.0018508468765158215,0.001264082985449111
-0.004879235550357963,-0.0012403942698805404,-0.0002556160922053685
-0.004996924631334165,-0.0030922283815942864,-0.0012939415287189782
-0.00477396895419846,0.0006290722597698251,-0.0008532131846779034
-0.004885352188234271,0.0009418884500353997,0.0075099833906761004
-0.004801460668574453,0.0010926514795461806,0.002301206797203137
-0.00519019778145835,0.005216977246581989,-0.0004908574837048096
-0.004983721269217201,-0.002093200166443654,-0.000825622256085401
0.019775197313129267,-0.0010234174438523702,0.0008402950881620797
-0.004787795726191479,-0.0002254577128368851,-0.001264271681756357
-0.004943024732324108,0.0008677878712234355,-0.0016373922634037585
0.019927631084649122,-0.0012791295010240455,0.002154403874479738
-0.004750704924001314,0.00655814715420211,-0.0019718532473793626
-0.004804620153372685,0.0007539391367932247,6058453191282176e-20
0.01917808599799975,0.0009430432282869772,5679626678556371e-20
0.008153859790509088,-0.0013942663153615475,0.0007179048436229962
-0.004916178179973363,-0.0015186107672313653,-0.0018364309163916293
-0.0049388738759027495,-0.0013435066292240005,-0.001038998483896325
-0.00500030574526511,-0.004677109549659497,-0.0005346346778479782
-0.00486627970265896,0.002551205969299475,0.0006472787905633659
-0.0049403035101073245,-0.0028475231107362164,-0.0005809493477196837
-0.004915096720215395,0.0020473291217938394,-0.0013169451969843315
0.017530744362977524,0.002546382211359166,-0.00043974319548112373
0.019864223608061504,-0.0002614173936040798,-0.0009341963528944897
-0.004752207838414679,-0.000494645388454229,0.000622930012079026
0.01755304960202586,-0.0007117067755533224,-0.00022797961152720703
-0.005019115726077272,-0.0025894756023083776,7103226716476119e-20
0.019581991672685484,-0.0020493465128130772,-0.0003045971555302174
0.020809168995742477,-0.002612467632404414,-0.00012510520362374322
-0.003918824251462061,0.003348922340318028,-0.00012925615765191356
-0.004965677967722737,0.0010433966551015583,0.0008870326708236842
-0.004963045122417853,-0.002760488400303851,0.000956525339556924
0.0170591667190092,-0.0011822679703781258,0.00032120245304911865
-0.004834174012167458,-0.002517246995522804,-0.00023840011727682686
-0.005139816981115319,-0.0018595483489036724,0.0005412666474335914
0.020652742817657166,0.00041799960572774797,-0.001489211362831755
-0.004893501170934678,-0.0026035352262435696,-0.004311043265428638
-0.004805152856677153,-0.0014492627056161833,-3637821559188126e-20
0.019880322918864768,-0.0022059494413385616,-0.0013421114768037423
-0.00480420302246487,-0.0029277075299452004,-0.00013147283648706765
-0.004859751068938434,-0.0052306894564351225,0.0015039236951392976
0.01109955380837846,0.0003043370956301583,-0.00011220822853386103
-0.004977377232420421,0.0023008534322499496,-0.0006921588947088608
0.019796666660804818,0.012736786318353288,0.0008902830489495583
-0.0049589582994294945,-0.0010832230866213433,-7395912304264396e-20
0.008357500339549961,-0.0018012235932576282,0.005761593523518682
-0.0018089024635635775,0.00450504533765006,0.003751926356387436
-0.004816370566353978,0.0006711676943454981,-0.0012692641493344814
-0.005199015619181013,0.00033899781005186647,-0.0006169664957095256
-0.004797339483981755,-0.003566632139841208,-0.0016496324965320497
-0.004873669998741836,0.003346812200232918,0.007626429174998006
0.01699349271861983,0.0032815214230674794,0.003344640750070571
-0.005129505868326056,0.00793413211484395,-0.0007262272318118157
0.016927715203216676,0.002916777597063991,0.005441855759947822
0.02010647523752751,-0.0007410542717954938,7709173531367242e-20
0.002625321318057372,0.009621775891657913,-0.001147076485327747
0.019408060718733022,-0.0016551367537102069,-0.0012930590370924255
-0.004847542191963927,0.0010050256471767494,-0.0006209844926360342
-0.004920604171046783,0.0008536557738216821,-0.0016777715060766196
-0.00482714267031592,0.006375348374893286,0.0051870282194743655
-0.0048336718382335775,-0.0024038753117193723,-0.0005805299942867048
0.02034880561201735,0.010506367818571727,-0.0001874150889809023
-0.004901557416455704,0.001368192932659107,0.0012128974051088814
-0.004784015457336865,-0.0005391590093714038,-0.0011471487603801345
0.021280139294270972,0.004283207571279757,-0.00030145760006783373
0.016273288816128773,-0.002378805494726244,0.0011492260493568551
-0.004864263213818498,-0.0005526123124504068,-0.0008485789141435829
-0.004979310854980268,0.0046303506941026695,-0.0004754197147327499
-0.004818612339287487,-0.0044101454497926795,0.0008178194778635239
0.01862142438962089,0.0016950682466657652,-0.0005820373266285372
-0.004825576389281827,0.000583864205206841,-0.0009677761677866492
0.019693997417827513,0.0028919587494943277,-0.003194966137620936
-0.004937432150520782,0.008266200197949214,0.0022345695386951636
-0.004818894244770555,-0.0019634741195839744,-0.0012928460961024735
-0.004826027866514648,-6478469030679612e-21,0.007165891552382786
-0.004952158660575745,0.001009043539848764,-0.001662013371586557
-0.004992726320370622,0.0005499191094270328,-0.0009173823485486565
-0.004914276557375974,0.00033019176508752857,0.0021478691378695736
0.018547347755975774,-0.001154562817904048,-0.0011591585030205076
-0.004887439689871709,0.00018287726526478032,-0.0005492590548835663
0.0070202062876018045,-0.0015826230804025787,0.0003438564955481338
0.019886320544800218,-0.0007466212611766387,-0.0003104927781347744
0.0037159947315572595,0.00019884444673545776,-0.0005450237584142537
-0.004915552234298071,-0.007192355684865315,-0.00021013531632074756
-0.002852292839718551,-0.0010422896304315143,0.0002604179293448361
-0.0049639240217393965,-0.0031398156172188774,-8248814772726654e-20
-0.004936188141139275,-0.0005662637664467507,-0.0007770237910973421
0.02000234253383415,0.0035761068048043576,0.0005660108597085323
-0.004964754128741311,0.0005910962031995259,0.002131771096026913
-0.0008690740311620981,-0.0010301996777930533,-0.0003423768101409319
-0.004797860360661876,-0.0023030790194715767,-11267812012327738e-22
0.001098815024574873,-0.0023704504023626116,-0.0018454904279064932
-0.0048167607199077755,-0.0018195977523105533,-0.0009316088650833665
0.020172896281500874,0.012847386363277424,0.007527227651521917
-0.004998411288884119,-0.0005917821619488839,-0.0008913136746296901
0.014514268569539412,-0.00035735328612485073,-0.0008631983719141756
-0.00014225437039949718,0.0012550821484345054,0.0002740360750370652
-0.004980168197935786,-0.0010915469899124286,0.0008132575037258505
-0.003647262617851199,0.0007504921043079982,0.00010340446849799179
-0.004980664527057588,-0.00026773811741320763,-0.0002669741568005479
0.010572700609848495,0.0009601844477276078,0.00014884246655899602
0.02215136274569518,-0.003196708125814851,-0.0011351196601319113
-0.004848296661871143,-0.0031963304774514922,0.0019918855066785035
-0.004986162465916988,-0.0003428289419450392,-6450448334827108e-20
0.011833772300756995,-0.0043488260284823,0.0021178856710417637
-0.004798477117047284,0.0005219258532959126,0.0009363914070150692
-0.004889502827128744,0.0014155063870976425,7381215832436006e-20
0.016363805517934482,-0.001790036237679149,0.00040580938637224673
-0.004963963695510332,-0.0021838019871419645,0.0006570693319576382
0.01623355913487723,0.0005841752014011936,0.00013017220394784257
-0.0048392766239960805,-0.0010594158824838162,-0.00023993434715252615
-0.005005384032713778,-0.0006394688752858757,-0.0024553288917550375
-0.004973569046224036,0.001670267977188833,0.0005021732168216664
-0.0050263211512134864,0.003951264112769026,0.00033096405843457966
-0.004965011510491557,-0.0002916017146857852,0.0003252974855432189
-0.00494389092299008,-0.0019648966569270065,-0.00017404168858337066
-0.004968617131853148,-0.00024341290368612434,0.0007246483363327894
0.01305948727103945,0.009068708805864523,0.004060353071976053
0.0191433405318453,-0.004176345860360531,-0.0004263810073639185
-0.004811999123912614,0.0015615461218323468,-0.001350633242726218
0.015798835581769866,0.0024001884961052378,-0.0007287410246307191
0.015890644541400656,-0.002061210808892322,0.00015913914060450285
-0.004825709025604863,-0.004200249668243949,-0.000509533659924899
-0.005021761482098541,0.00271535911856724,-0.0007640190405026059
-0.004897307436506182,0.009139205424385732,-0.00047302911050961516
-0.004778034766573791,34040668013046727e-21,0.00017947025331488398
-0.004826892655947601,-0.002859226242471813,-0.0015306502805406685
-0.004853083562333826,0.0011720969522722724,878958418987219e-19
0.01619430800846433,0.0006471616784138323,-0.0010166296050072576
0.01262190091922799,-0.00047435434257403486,-0.0003419935835335952
0.010860977304968267,-0.003942484644971045,0.0001242186926351252
0.019701794625183955,-0.0005073138917814912,-0.00039741342281407466
-0.004952101198776426,0.0008366416812397581,-0.001607647043361693
-0.004835244732683708,-0.0008455255784532989,-0.00042856528622359225
0.0021648600485874026,-0.0004081473831731852,-0.00017086033109325882
0.014437425065520926,0.001433182088776186,-0.0007361485050723093
0.009972208749149614,0.00023334921797724117,-0.0002591956048830779
-0.003533275281820014,0.0028720706219360626,-0.0009857191314951441
0.001860059602069919,0.0005176365550059181,-0.0006364036226468306
-0.005010564531696016,0.005299128207627457,-4321825545516855e-20
-0.005069035053768323,-0.00036067447435672584,-0.0013775168145608863
-0.00488334126918355,-0.005380768298009597,0.0016309688377389442
-0.004854210703231776,0.005951153914332763,-0.0006525915755052347
0.0027593310085570755,-0.0023525692607945237,41473289733806595e-21
0.01628911235953079,-0.0007061928673667284,-0.0009888373900610592
0.0008090864987407853,2866528964362569e-20,0.000501324089344779
-0.004789566696011827,-0.005141680002008653,-0.00013871702791146134
-0.0049377725997709065,0.00020709580077793444,-0.0017576470415840983
0.01740782142356989,0.0008465661518486378,-0.001363594921452549
0.014202063264733944,-0.0031675406446493026,-0.0036841381102397097
-0.004871810383308639,-0.0017068946007037233,-0.00018987909790113555
-0.004968319271031474,0.0014690652239711666,-0.0007671541009278693
-0.004985147143058977,-0.0051674180705850725,-0.0011071167789480363
-0.005060282266278748,0.0012478449019371896,-0.0009992010396947526
0.01910162446179664,-0.0016778534482055907,-0.001765496104013553
-0.00497843615721727,0.0014860879229782187,-0.0008768200766180456
0.019711898926094262,-0.0014322443265770701,-0.001065709191754416
-0.00490830988958435,-0.002482075479427026,-0.0012563861688958955
-0.004801529928169734,-0.0012672731867112708,-0.0007851958888924759
-0.005059284770350669,-0.0009624096289696515,-0.0011596009562980791
0.008639810925663016,-0.0016527298804526191,-0.0009761958524844294
0.01889162498821917,-0.0004937341311346266,-0.0007805264951459279
-0.004930132273434862,-0.0017325709686971669,-854977608865104e-19
-0.004866848914996003,-0.0005769826249686361,-0.0013013531368583076
-0.00469662866069287,-0.0012089680831119942,0.00023609294660509317
-0.004721221589907176,0.00025933569119473976,0.0033458989901070657
-0.004940322471805869,0.0009360663596860164,0.00035408052884977614
0.015179111827139158,0.012067748764108988,0.0004697606435055679
-0.0047965789694796035,-0.001797094537878463,0.0006176820979947317
-0.004967916005840456,-0.0020151452327348274,0.00044386730396617224
0.019845843061671475,-0.0009880601430808378,-0.00029047553435845863
-0.004947817305944402,0.0015194037729181487,0.00019102950337790414
0.017568117404209826,0.01006551509112208,-0.003792264990256311
-0.004924275629560326,-0.00019235109064841271,0.0013938142134315434
-0.004936805837048697,-0.0004913885391262252,-0.0011798177707050828
-0.0048363911091040546,0.000840715019452265,-21248851895139254e-21
-0.004798336014389948,-0.001370777103101406,0.0007546954444389575
-0.004947897202467799,0.0013314762857439266,-0.0008500435199154666
0.012649634302199897,-0.0012982606185457657,0.00036467514526672407
-0.004969071945494563,0.00042048199971989053,-0.0013449657607425003
-0.005004558483404531,-0.003475469563865019,0.0013350737025736858
-0.004827171692592946,0.023647826893249957,0.00027212345983818054
-0.004879834116036763,0.0014150794288265711,-0.0005139696219021994
-0.004839074731624593,-0.003018716914177988,0.0031909897572864887
0.020437478042749313,-0.003840814777291257,0.0007638043448807696
0.008621779690688891,-0.0015544900441958331,0.0010919702072614834
-0.0048053329567459,-0.0006991171167983756,-0.0012149044656286634
0.01710129214221956,0.01086964960344372,0.0007738071019789405
0.006033964298837957,0.00343317602003812,0.0007988195680206367
-0.004826022200401181,-24149725502353725e-21,-0.0006074870835235391
-0.005030561469927419,-0.00046813853953431295,-0.0008737161287891704
-0.0042173773315636875,-0.0014504361577302172,-0.001074627963207564
-0.005020492452535552,-0.00018273181857908494,-8438279006972582e-20
-0.004954289879745111,-0.001833896643096522,-0.0005804047063640017
0.018815269712905147,0.002607709691522686,-0.0004259149739150869
-0.005005894874577255,0.001539247945840705,-0.0004325136980807276
0.008285360492416682,0.0017487193780748589,0.0002594913962162826
0.01784571286288328,0.00024686854307776063,-0.0008217357566039363
0.006356806000390347,0.004988560623150784,0.00015090379256244013
-0.004934656741268695,-0.0006737917027648255,-0.00045938722452476544
-0.004832456829010012,0.0009262193047399059,0.0005665600565241125
0.008106506046555495,-0.002800512505209296,-0.0008525046885761167
0.018615885678465616,0.0022031771103687703,-0.00020331876046486563
0.017138094330852338,0.0030143712496029096,59051264247322877e-21
-0.004947417573739288,-0.0009711069265045946,0.007910044958940432
0.018498829753951895,-0.0005776203881119324,-0.0001587752772598261
0.018709181807145314,-0.0002839935284540962,-0.001831713716307859
-0.004926661716930791,0.003836735748443232,-0.000808782685888243
-0.004872586813059243,-0.001642275083061362,0.0003864911581967778
0.019666429267495733,-0.000663314131915782,-0.0009839359517725965
0.005914523445556208,0.0009101184927665651,0.0005424026282128125
-0.004937732224403746,0.017469833597146156,-0.0011824510163254143
-0.004919692628324479,-0.0011899364103067356,-0.0005277071702629588
-0.00502161065686868,-0.002118821149294625,0.0002479424443075917
0.01992036814137277,0.0003961914755765683,0.0005442546453169328
0.0033556727868876424,-0.0006428546101903132,-0.0012758605413368818
0.016131330980291958,0.000687600147317613,0.0014012193610694057
0.019092241677667987,-0.0025546401231221205,0.0002363906525566506
-3328979718031366e-20,0.0001780265448750873,0.0007101071001009984
-0.0048380374245303726,-0.0014554518831022545,-7425728443033464e-21
0.01915578846071664,-0.0012034008094632398,-0.00011713807214641658
-0.004849625246664435,-0.00647597489036722,-0.0003363853161491015
-0.0009079710933977969,0.0008786065477007776,0.0017181745166644502
0.019641487508259226,-0.0008534135561336642,-0.0009807358717148773
0.0015801970103491714,0.0005506932157645084,0.0065584796682560675
-0.004959859982255566,0.009100038896825535,0.0019648012092063905
0.003610015269884914,-10226743945462857e-21,-0.0021323369886543375
-0.004909690370214714,-0.00014675956938614565,0.0023077424680061354
0.008045857490521446,0.00036090098607532983,0.0037628512702749806
0.015480009161228492,-0.0005645868839042611,0.00036435085879737983
-0.005141146437456334,-0.0004899132489384339,0.0010077636502046072
-0.004792898309023852,0.0020593682616207865,0.0020323181278344427
0.017114218504411083,0.0064809041026338,0.0010175971742807377
-0.004922654615292843,0.00031996454307381406,-0.0005790038687720767
0.020102627468120082,0.0017857301685847426,-0.0008208425759207438
-0.004827677750901538,-0.00038084217749945193,0.0038083023446398023
-0.0048004478451874055,-0.002705558060696611,0.001580213880409187
-0.003952947763946946,0.0022316484634621325,-0.0002265852999926432
-0.00506118655211707,-0.0032510621018504438,0.0017047205434443935
-0.004912551457996517,-0.0025022192122566844,0.0003180007943456298
-0.0035335718808109373,0.00010334599437111791,-4552979154592851e-20
-0.0047747641063884405,-0.002461969349621951,-0.0005089444595229864
0.007261006827537053,-0.0014608534585024424,-0.0003308107590518361
-0.004971373510480048,4487553121368393e-20,0.0005998900624234471
-0.004996604680689409,0.008816676213685426,-0.0010339869273038316
-0.004834822637008185,0.0019969748809218757,0.00027613156625405644
0.019962575139819694,-0.0013637541137052622,-0.0005935903120097841
-0.004882791666170561,0.0010769410845895555,-0.0024076719894375875
-0.004975455820764529,-0.0020220976650958677,-0.0004203880373290225
0.005041527737104201,0.0018829150894786872,-0.0008505720409852646
0.019541692902877994,-0.0007302931349865149,0.0009905060875167182
0.018997109172531612,0.0014320037440396227,-0.0009994776302137964
-0.0049089868264843295,-0.0007147450913793651,0.00141561887534436
-0.0035821802120684643,0.0015087054029421232,-0.0018604473565171364
-0.004988650785711091,-0.0017179682300911825,-0.0004564398458701824
0.0014294392438478631,-0.0003463343710110589,0.0008143183881583749
-0.004883369719047237,0.0017600213607709136,-14923610599071324e-21
-0.004787394132599099,0.00900452721272027,983331233271878e-19
0.01515839674397712,-0.0013752682466376953,-1301270609554983e-20
0.01921166858822454,0.0025388778023927028,0.00022281431845028177
-0.004683544928050565,-0.0017268063826501034,-0.00020682914170300215
0.01174896736648634,0.0011333926940816363,-0.0003446435405919379
0.0036192823018499354,-0.00011048893557974448,8255340727991722e-20
0.002050290701736901,0.00043698085031163014,-0.0002482298833391683
0.009082079790463826,-0.00041834698115938984,0.001210543896819738
0.019340334036497375,0.0007782780295942926,-0.0003611727916758012
-0.00490957294907679,-0.0006754539397499926,-0.0014102567150502399
0.019975397083258017,-0.002114574512415146,31525280602129335e-21
-0.0049865143705869475,-0.002780256837876638,-0.0005700256938115933
-0.005054851122834769,0.001626175079523784,0.0003582497523006989
-0.004973866058425425,-0.0002471378032796734,-0.0007054870982591277
-0.004961973309019929,0.0005470012603830954,0.0004063243464387245
-0.004893121705746073,-0.002204068992956998,-0.0001272708001432976
-0.004774148073344198,-0.0002188298955789758,-0.00036724181163627634
0.019613089781265303,-0.0017720935682742356,0.0009365948643764721
-0.0023841958230255145,0.006788535425359177,0.002151941931588186
-0.004983053256352843,0.0008339895563335142,0.0006573860683711796
-0.005088192055821117,0.0013799874770653586,0.0008827064706093957
-0.004817425730381242,-0.00040338620834035055,0.0002023755921107817
0.01304637673584963,-0.0019763216181489796,-0.000672940526091792
-0.004890509957463984,-0.0007192990941469191,-0.0005290386929295288
0.0094732368096061,0.008166916693203907,0.0018859864209422872
-0.0048322020551011535,-0.0004001809142443191,-0.0007931959347922124
-0.004943784451471256,-0.00019956752716043802,-0.0008553715453792909
0.0179605419511788,0.0001566342678376298,0.0005907801910802757
0.018191372806215522,-0.0005724907693138714,0.00010737739206867492
